Termékféleség	Kép URL	Termék db	Kép nélkül	Honnan
csapágy (minőségi, tőkés)		4853	4820	KELL KÉP
szimering	https://products.fst.com/pim/assets/design/designsketch/designsketch_b2pt-200x200.png	4640	4621	SIM ... B2PT kód (100%)
o gyűrű	https://cdn.skfmediahub.skf.com/api/public/094e418beda9bb35/png_highpreview/094e418beda9bb35_png_highpreview.png	3054	3028	O- ... VITON kód (100%)
csapágy SKF	https://www.skf.com/webpim/0901d19680809874/png/0901d19680809874.png	2839	2734	BS2 kód (100%)
ékszíj		2628	2628	KELL KÉP
csapágy (olcsóbb, keleti)		2392	2386	KELL KÉP
csapágy mélyhornyú golyós SKF		1515	1514	KELL KÉP
kötőelem		1204	1203	KELL KÉP
szimering járműipari		1099	1099	KELL KÉP
kötőelem - Bkny.hengf.csavar		1096	1096	KELL KÉP
tömítőgyűrű	https://www.haberkorn.com/dam/510x510/0100AD42.jpg	802	792	U- kód (100%)
fogasszíj		764	762	KELL KÉP
kötőelem - hatlapfejű csavar		757	757	KELL KÉP
tűgörgős csapágy		691	650	KELL KÉP
csúszócsapágy	https://cdn.skfmediahub.skf.com/api/public/0901d1968080a194/png_highpreview/0901d1968080a194_png_highpreview.png	680	629	PSM kód (100%)
Nincs megadva		652	624	NEM KAP TÍPUSKÉPET (gyűjtőkategória)
tűgörgős csapágy SKF	https://www.skf.com/webpim/0901d19680c37dd4/png/0901d19680c37dd4.png	619	552	NUKR kód (82%)
szíjtárcsa		615	615	KELL KÉP
kötőelem - alátét		612	612	KELL KÉP
szerszám	https://cdn.skfmediahub.skf.com/api/public/0901d1968015449c/png_highpreview_800/0901d1968015449c_png_highpreview_800.png	591	505	TMMS kód (100%)
kötőelem - csap/szeg		578	578	KELL KÉP
lánckerék	https://cdn.skfmediahub.skf.com/api/public/0901d19680bf160e/png_highpreview/0901d19680bf160e_png_highpreview.png	496	488	LK ... agyas kód (100%)
kötőelem - anya		494	492	KELL KÉP
autó kerékkészlet		472	472	KELL KÉP
bilincs	https://powered-by.qbank.se/norma/TTW/GBS_TTW_add2.png	467	467	TORRO GBS kód (100%)
görgőslánc		465	465	KELL KÉP
munkavédelmi cipő	https://www.beta-tools.com/media/catalog/product/cache/1/thumbnail/600x/17f82f742ffe127f42dca9de82fb58b1/7/3/7352b_foto_01.jpg	459	422	BETA 7352B ... kód (100%)
Y csapágyegység	https://cdn.skfmediahub.skf.com/api/public/0901d19680c4c8c0/png_highpreview/0901d19680c4c8c0_png_highpreview.png	459	444	SYNT kód (100%)
zéger	https://www.seeger-orbis.com/fileadmin/_processed_/f/9/csm_Sprengringe_DIN_9927-9928_SW50r_002fe6ad89.jpg	396	390	SW kód (86%)
lineáris csapágy		351	347	KELL KÉP
dugókulcs		332	332	KELL KÉP
kötőelem - hernyócsavar		328	328	KELL KÉP
gömbcsukló SKF		320	314	KELL KÉP
hosszbordásszíj		296	296	KELL KÉP
csavarhúzó		286	284	KELL KÉP
gömbcsukló		276	272	KELL KÉP
kötőelem - Bkny.sülyfej.csavar		269	269	KELL KÉP
Y csapágy		246	245	KELL KÉP
kötőelem - retesz		238	238	KELL KÉP
belső gyűrű	https://www.skf.com/webpim/0901d196808e8771/png/0901d196808e8771.png	238	238	IR kód (98%)
tűgörgős kosár		236	236	KELL KÉP
hézagolólemez		235	173	KELL KÉP
lineáris csapágy SKF	https://lmbt.medias.schaeffler.com/assets/productImage/LWR_rail.jpg	218	188	LWR kód (90%)
kenőberendezés	https://cdn.skfmediahub.skf.com/api/public/0901d19680933643/png_highpreview/0901d19680933643_png_highpreview.png	218	159	LAGD 125 kód (100%)
görgő 100		216	216	KELL KÉP
golyó	https://eurobearing.eu/wp-content/uploads/2023/06/Bearing-balls-%E2%80%93-steel-%E2%80%93-125-mm-COD-RB-125G20W.png	215	215	RB- kód (97%)
Mind		213	212	KELL KÉP
ragasztó		190	188	KELL KÉP
tengely		186	171	KELL KÉP
kúpos szorító (ET és LK-hoz)	https://cdn.skfmediahub.skf.com/api/public/0901d19680be9f00/png_highpreview/0901d19680be9f00_png_highpreview.png	177	176	TB kód (96%)
csapágylehúzó	https://cdn.skfmediahub.skf.com/api/public/0901d1968010bccd/png_highpreview/0901d1968010bccd_png_highpreview.png	177	107	TMMD 100 kód (100%)
görgő 125		173	173	KELL KÉP
zsír	https://cdn.skfmediahub.skf.com/api/public/0901d196809a87de/png_highpreview/0901d196809a87de_png_highpreview.png	169	95	LGWA kód (100%)
szorítóhüvely	https://www.skf.com/webpim/0901d196808df254/png/0901d196808df254.png	166	160	AOH kód (100%)
kötőelem - Bkny.félgömb.csavar		155	155	KELL KÉP
hengeres rezgéscsillapító	https://meta-vulk.hu/wp-content/uploads/gp.jpg	152	147	GUMIBAK GP.TIP. ... kód (100%)
munkaruha		149	149	KELL KÉP
horonygyűrű		147	147	KELL KÉP
szabadonfutó		142	142	KELL KÉP
v gyűrű	https://www.intramark.hu/wp-content/uploads/2024/07/v-va-1.png	135	124	V VA ... VITON kód (100%)
csapágyháztömítés SKF	https://cdn.skfmediahub.skf.com/api/public/0901d1968080a15c/png_highpreview/0901d1968080a15c_png_highpreview.png	134	111	TSN ... S kód (97%)
imbuszkulcs		133	122	KELL KÉP
tengelykapcsoló	https://cdn.skfmediahub.skf.com/api/public/0901d19680be9eee/png_highpreview/0901d19680be9eee_png_highpreview.png	131	122	PHF FX kód (100%)
rögzítő anya	https://www.skf.com/webpim/0901d1968080a152/png/0901d1968080a152.png	131	114	KMK kód (100%)
fúró		126	126	KELL KÉP
variátorszíj		123	123	KELL KÉP
Y csapágy SKF	https://www.skf.com/webpim/0901d19680809821/png/0901d19680809821.png	123	115	YSA kód (100%)
tengelyjavító persely		122	122	KELL KÉP
tűgörgő		118	118	KELL KÉP
csillag villáskulcs		118	103	KELL KÉP
csapágyház SKF		114	112	KELL KÉP
gépjárműalkatrész		108	108	KELL KÉP
autó szíjfeszítő		104	104	KELL KÉP
görgő 200		103	103	KELL KÉP
szerszámkészlet	https://cdn.skfmediahub.skf.com/api/public/0901d19680ba7d46/png_highpreview/0901d19680ba7d46_png_highpreview.png	102	93	TKGT 1 kód (100%)
görgő		102	102	KELL KÉP
görgő 160		100	100	KELL KÉP
Y csapágyház SKF	https://www.skf.com/webpim/0901d19680809807/png/0901d19680809807.png	99	90	PFD kód (80%)
zsírzógomb		97	26	KELL KÉP
laposszíj		97	97	KELL KÉP
kötőelem - sasszeg		92	92	KELL KÉP
csapágyház		90	87	KELL KÉP
olajozó kanna		88	41	KELL KÉP
kötőelem - menetesszál		88	88	KELL KÉP
olaj		85	80	KELL KÉP
hidraulikus anya	https://www.skf.com/webpim/094a588b6f870ea9/png/094a588b6f870ea9.png	85	83	HMV kód (100%)
betétgyűrű (SNL csapágyházhoz)	https://www.skf.com/webpim/0901d19680392d65/png/0901d19680392d65.png	83	83	FRB kód (98%)
csapágyfelütő, szerelő készlet	https://cdn.skfmediahub.skf.com/api/public/0901d196804e02dc/png_highpreview/0901d196804e02dc_png_highpreview.png	82	81	TMFT 36 kód (98%)
körmöskulcs	https://cdn.skfmediahub.skf.com/api/public/0901d196801544a9/png_highpreview_800/0901d196801544a9_png_highpreview_800.png	81	55	HN kód (89%)
fogó		81	79	KELL KÉP
tömítőgyűrű réz		80	80	KELL KÉP
fogaskerék		78	78	KELL KÉP
biztosító lemez		77	77	KELL KÉP
tisztító		76	75	KELL KÉP
gumilap		76	76	KELL KÉP
görgő 080		73	73	KELL KÉP
görgő 050		71	71	KELL KÉP
görgő 075		69	69	KELL KÉP
trapézmenetes orsó		68	68	KELL KÉP
fogó zéger		68	54	KELL KÉP
tömlő csiga		66	66	KELL KÉP
munkavédelmi kesztyű		64	49	KELL KÉP
tömlő		63	63	KELL KÉP
reszelő		61	61	KELL KÉP
elemlámpa		61	61	KELL KÉP
villáskulcs		60	58	KELL KÉP
zárósapka		59	59	KELL KÉP
nilos gyűrű		59	59	KELL KÉP
indukciós melegítő	https://cdn.skfmediahub.skf.com/api/public/0901d196800e33e8/png_highpreview/0901d196800e33e8_png_highpreview.png	56	40	TIH 220M/MV kód (100%)
x gyűrű		55	55	KELL KÉP
tömlő szívó-nyomó		55	55	KELL KÉP
menetjavító		55	55	KELL KÉP
fogasszíj kétoldali		53	53	KELL KÉP
szolgáltatás		52	52	KELL KÉP
gömbszíj		51	51	KELL KÉP
kalapács		50	49	KELL KÉP
elem gomb		50	50	KELL KÉP
hidraulikus rásegítésű lehúzó	https://cdn.skfmediahub.skf.com/api/public/0901d1968010bcd8/png_highpreview/0901d1968010bcd8_png_highpreview.png	48	20	TMHP 10E kód (100%)
görgő 150		47	47	KELL KÉP
ragasztó epoxi		46	46	KELL KÉP
matrica		46	46	KELL KÉP
csavarhúzó készlet		46	45	KELL KÉP
tömlő üzemanyag		45	45	KELL KÉP
Y csapágyház		45	43	KELL KÉP
rugó		43	43	KELL KÉP
golyóshüvely		41	41	KELL KÉP
filctömítés		41	37	KELL KÉP
tömszelence, szivattyú szim.		40	40	KELL KÉP
talpcsavar		40	40	KELL KÉP
elem		39	39	KELL KÉP
zsírzópumpa		38	24	KELL KÉP
tömlő víz		38	38	KELL KÉP
imbuszkulcs készlet		38	29	KELL KÉP
tömlő szilikon		37	37	KELL KÉP
tömlő olaj		37	37	KELL KÉP
nyomatékkulcs		36	36	KELL KÉP
akku tölthető		35	34	KELL KÉP
csavarrögzítő		34	34	KELL KÉP
tengelykötés, trantorque		33	25	KELL KÉP
tömlő préslég		32	32	KELL KÉP
golyósbetét		31	31	KELL KÉP
felülettömítő		31	31	KELL KÉP
torxkulcs		30	30	KELL KÉP
menetfúró		30	30	KELL KÉP
tömítőgyűrű alumínium		29	29	KELL KÉP
mérőszalag		29	29	KELL KÉP
fogó vízpumpa		29	29	KELL KÉP
tömlő hűtő		28	28	KELL KÉP
fogó oldalcsípő		28	27	KELL KÉP
kapukerék		27	27	KELL KÉP
zsír szilikon		26	26	KELL KÉP
lyukasztó		26	26	KELL KÉP
kardáncsukló	https://cdn.skfmediahub.skf.com/api/public/0901d19680bf161a/png_highpreview/0901d19680bf161a_png_highpreview.png	26	3	KCSH kód (100%)
csatlakozószem (szerszám alk.)		26	20	KELL KÉP
kompenzációs lemez		25	25	KELL KÉP
csillag villáskulcs racsnis		25	13	KELL KÉP
autó vízpumpa		25	25	KELL KÉP
tolómérő		24	24	KELL KÉP
talpbetét		24	24	KELL KÉP
kés		24	22	KELL KÉP
munkavédelmi zokni		23	23	KELL KÉP
kéztisztító		23	21	KELL KÉP
korrozióvédő		23	23	KELL KÉP
fűrész		23	23	KELL KÉP
zártszelvénydugó		22	22	KELL KÉP
hátsópofás lehúzó	https://cdn.skfmediahub.skf.com/api/public/0901d1968010bcd5/png_highpreview/0901d1968010bcd5_png_highpreview.png	22	9	TMBS 100E kód (100%)
zsírzófej		21	19	KELL KÉP
vágó		21	21	KELL KÉP
csőmenettömítő		21	21	KELL KÉP
adagolópisztoly		21	21	KELL KÉP
csillag villáskulcs készlet		20	20	KELL KÉP
csapágy-, csaprögzítő		20	20	KELL KÉP
szerszámosláda		19	19	KELL KÉP
ragasztó szalag		19	19	KELL KÉP
staufer zsírzó	https://zolvik.hu/kep-termek/zsirzoszelence.jpg	18	1	ZSIRZOSZ. kód (100%)
lánckenő		17	15	KELL KÉP
berágódásgátló		17	17	KELL KÉP
kés tapétavágó		16	6	KELL KÉP
reszelő tű		15	15	KELL KÉP
munkavédelmi szemüveg		15	15	KELL KÉP
fűrészlap		15	15	KELL KÉP
faudi csukló	https://www.onlinecsapagy.hu/images/products/40078/thumb/faudi_csuklo_m10_jobbos_20161014051322.jpg	15	2	VDI kód (100%)
keverőcsőr		14	14	KELL KÉP
fejlámpa		14	14	KELL KÉP
csővégdugó		14	14	KELL KÉP
tömítőzsinor grafitos		13	13	KELL KÉP
szűrő		13	13	KELL KÉP
munkavédelmi csizma		13	13	KELL KÉP
fordulatszámmérő		13	12	KELL KÉP
tömítőzsinór teflonos		12	12	KELL KÉP
nagynyomású cső		12	11	KELL KÉP
jelölőfesték		12	12	KELL KÉP
csapágyháztömítés		12	11	KELL KÉP
adagolótű		12	12	KELL KÉP
Y csapágyhoz végfedél		12	12	KELL KÉP
szerelőpaszta		11	10	KELL KÉP
ráverő körmöskulcs		11	3	KELL KÉP
rozsdaoldó		11	11	KELL KÉP
ragasztó rugalmas		11	11	KELL KÉP
lemezvágó olló		11	11	KELL KÉP
görgő 250		11	11	KELL KÉP
gáz- és folyadékszonda		11	2	KELL KÉP
fúró-, vágó-, üregelőolaj		11	9	KELL KÉP
digitális hőmérő		11	4	KELL KÉP
zsírzópumpa flexibilis cső	https://cdn.skfmediahub.skf.com/api/public/094c9e9bde762d8b/png_highpreview/094c9e9bde762d8b_png_highpreview.png	10	3	1077601 kód (100%)
tömlő locsoló		10	10	KELL KÉP
sztetoszkóp	https://cdn.skfmediahub.skf.com/api/public/0943dfbd65d18cc1/png_highpreview/0943dfbd65d18cc1_png_highpreview.png	10	5	TMST 3 kód (100%)
szilikon fekete		10	10	KELL KÉP
nyomásmérő		10	7	KELL KÉP
karabiner		10	10	KELL KÉP
elem foto		10	10	KELL KÉP
drótkefe		10	7	KELL KÉP
csőkulcs állítható		10	10	KELL KÉP
autó toronycsapágy		10	10	KELL KÉP
autó tengelykapcsoló		10	10	KELL KÉP
tömlővég gumicsőhöz		9	9	KELL KÉP
ragasztó+primer		9	9	KELL KÉP
ipari törlőkendő		9	9	KELL KÉP
hézagmérő		9	7	KELL KÉP
elemtöltő		9	9	KELL KÉP
elem ceruza		9	9	KELL KÉP
csipesz		9	9	KELL KÉP
aktivátor		9	9	KELL KÉP
törtcsavar kihajtó		8	8	KELL KÉP
tömlő pneumatika		8	8	KELL KÉP
szilikon		8	7	KELL KÉP
szelepek		8	8	KELL KÉP
multi spray		8	8	KELL KÉP
lakat/zár		8	8	KELL KÉP
hőmérő ceruza		8	7	KELL KÉP
görgő 030		8	8	KELL KÉP
csúszógyűrűs tömítés		8	8	KELL KÉP
Y csapágy gumiházzal	https://cdn.schaeffler-ecommerce.com/cdn/0008A582_d.png	8	3	RABR-B kód (83%)
vízmérték		7	7	KELL KÉP
véső		7	7	KELL KÉP
láthatatlan kesztyű		7	7	KELL KÉP
kuplung betét		7	7	KELL KÉP
görgő 260		7	7	KELL KÉP
görgő 180		7	7	KELL KÉP
görgő 025		7	7	KELL KÉP
cipőfűző		7	5	KELL KÉP
Olló		7	7	KELL KÉP
tömítőzsinor faggyús		6	6	KELL KÉP
tömlő szennyvíz		6	6	KELL KÉP
tömlő gáz		6	6	KELL KÉP
tisztító műszerfal		6	6	KELL KÉP
tisztító kontakt		6	5	KELL KÉP
testékszer		6	6	KELL KÉP
szerelőfolyadék		6	1	KELL KÉP
szemes lánc		6	6	KELL KÉP
primer		6	6	KELL KÉP
menetmetsző		6	6	KELL KÉP
lézeres hőmérő		6	6	KELL KÉP
kúpfogaskerék		6	6	KELL KÉP
jégoldó		6	6	KELL KÉP
hosszabbító rúd		6	6	KELL KÉP
görgő 065		6	6	KELL KÉP
gumibetét	https://cdn.skfmediahub.skf.com/api/public/0901d196808097f7/png_highpreview/0901d196808097f7_png_highpreview.png	6	1	RIS kód (100%)
elem mikro ceruza		6	6	KELL KÉP
tömlő permetező		5	5	KELL KÉP
tömlő gőz		5	5	KELL KÉP
tisztító-fék		5	5	KELL KÉP
tisztító klíma		5	4	KELL KÉP
szíjcsúszásgátló		5	4	KELL KÉP
rézpaszta		5	4	KELL KÉP
hegesztőleválasztó		5	5	KELL KÉP
görgő 300		5	5	KELL KÉP
fémmentes paszta		5	5	KELL KÉP
elem távirányító		5	5	KELL KÉP
elem 9v		5	5	KELL KÉP
csőtoldat (szerszám alkatrész)		5	4	KELL KÉP
csillagkulcs		5	5	KELL KÉP
csavarlazító		5	3	KELL KÉP
aktuátor		5	4	KELL KÉP
zsírzószár		4	3	KELL KÉP
szivárgáskereső		4	3	KELL KÉP
szilikonleválasztó		4	4	KELL KÉP
szilikon átlátszó		4	4	KELL KÉP
szilikon réz		4	4	KELL KÉP
lánckerék tárcsa		4	4	KELL KÉP
levegő spray		4	4	KELL KÉP
kábelcsupaszoló		4	4	KELL KÉP
kopásálló termék		4	4	KELL KÉP
hőálló kesztyű	https://cdn.skfmediahub.skf.com/api/public/0901d196800e33da/png_highpreview/0901d196800e33da_png_highpreview.png	4	0	TMBA G11 kód (80%)
görgő 045		4	4	KELL KÉP
elem lapos		4	4	KELL KÉP
elem baby		4	4	KELL KÉP
csőkulcs		4	4	KELL KÉP
zsírzópumpa fej		3	1	KELL KÉP
tömlő oxigén		3	3	KELL KÉP
tömlő homokszóró		3	3	KELL KÉP
tömlő acetilén		3	3	KELL KÉP
tisztító kárpit		3	3	KELL KÉP
szorító racsnis		3	3	KELL KÉP
szilikon hőálló		3	3	KELL KÉP
reszelőnyél		3	3	KELL KÉP
ragasztó átlátszó		3	0	KELL KÉP
purhab		3	3	KELL KÉP
olaj vágó (vágóolaj)		3	3	KELL KÉP
láncápoló		3	3	KELL KÉP
hűtő spray		3	3	KELL KÉP
hántoló		3	3	KELL KÉP
görgő 400		3	3	KELL KÉP
gyorscsatlakozó (szerszám alk)		3	2	KELL KÉP
elem nagyothalló		3	3	KELL KÉP
elem góliát		3	3	KELL KÉP
edző		3	3	KELL KÉP
csúszólakk		3	3	KELL KÉP
betonfúró		3	3	KELL KÉP
wippermann lánc		2	2	KELL KÉP
vegyi fém		2	2	KELL KÉP
vazelin spray		2	2	KELL KÉP
tömítéspozícionáló		2	2	KELL KÉP
szélvédőjavító		2	2	KELL KÉP
sziloplaszt kinyomó		2	2	KELL KÉP
szilikon fehér		2	2	KELL KÉP
rezgésmérő ceruza		2	2	KELL KÉP
ragasztó visszapillantó		2	2	KELL KÉP
ragasztó szilikonhoz		2	2	KELL KÉP
metszőolló		2	2	KELL KÉP
lézeres távolságmérő		2	2	KELL KÉP
hidegindító		2	2	KELL KÉP
görgő 038		2	2	KELL KÉP
fáziskereső		2	2	KELL KÉP
fogó harapó		2	2	KELL KÉP
flakon		2	2	KELL KÉP
dörzsár		2	2	KELL KÉP
csavarjelőlő		2	2	KELL KÉP
Y csapágyhoz gumiház		2	2	KELL KÉP
tömítéseltávolító		1	1	KELL KÉP
teflon spray		1	1	KELL KÉP
ragasztó spray		1	1	KELL KÉP
ragasztó hővezető		1	1	KELL KÉP
ragasztó eltávolító		1	1	KELL KÉP
olaj - fagyasztó		1	1	KELL KÉP
műszén, gömbszemcsés grafit		1	1	KELL KÉP
kupak		1	1	KELL KÉP
görgő 175		1	1	KELL KÉP
görgő 035		1	1	KELL KÉP
görgő 032		1	1	KELL KÉP
görgő 014		1	1	KELL KÉP
gázrugó		1	0	KELL KÉP
gumiápoló		1	1	KELL KÉP
fűtőszáljavító		1	1	KELL KÉP
folyékony fém		1	1	KELL KÉP
fogó huzalcsupaszoló		1	1	KELL KÉP
fogó homlokcsípő		1	1	KELL KÉP
drótkötél-kenő		1	1	KELL KÉP
